id_klient;id_ulica;imie;nazwisko;nr_tel;email
1;401;Aldridge;O' Flaherty;615-249-7840;aoflaherty0@apache.org
2;402;Daisy;Erbe;736-287-1685;derbe1@networkadvertising.org
3;403;Fergus;Burnhill;676-820-6941;fburnhill2@uiuc.edu
4;404;Vida;Kubin;530-959-4502;vkubin3@tmall.com
5;405;Pebrook;Gricks;484-413-3038;pgricks4@cam.ac.uk
6;406;Hillary;Widdop;719-348-4411;hwiddop5@topsy.com
7;407;Kit;Kealey;513-800-3755;kkealey6@sohu.com
8;408;Matilda;Finden;521-485-6614;mfinden7@hp.com
9;409;Reina;Joule;229-704-9826;rjoule8@dmoz.org
10;410;Sherry;Livesay;596-625-8811;slivesay9@edublogs.org
11;411;Dewey;Yurygyn;321-764-4267;dyurygyna@bbc.co.uk
12;412;Shaylah;Winchurst;754-495-6182;swinchurstb@ucsd.edu
13;413;Laurene;Scotford;748-341-8057;lscotfordc@wp.com
14;414;Viv;Perrelli;332-764-9558;vperrellid@booking.com
15;415;Erek;Passe;497-494-2951;epassee@woothemes.com
16;416;Tildi;Clemencon;180-622-4746;tclemenconf@princeton.edu
17;417;Abbie;Ambroisin;612-592-5240;aambroising@woothemes.com
18;418;Trix;Mapam;138-123-0144;tmapamh@51.la
19;419;Clea;Jelleman;968-793-4928;cjellemani@nsw.gov.au
20;420;Eleni;Bradforth;486-208-8371;ebradforthj@live.com
21;421;Lizzy;Blodgett;253-174-0881;lblodgettk@4shared.com
22;422;Quintus;Cockren;885-138-3477;qcockrenl@mit.edu
23;423;Janel;Clayworth;690-991-9921;jclayworthm@zdnet.com
24;424;Ebba;McVeigh;629-925-3047;emcveighn@indiatimes.com
25;425;Talbot;Dearnly;876-777-8553;tdearnlyo@nyu.edu
26;426;Sophia;Bitcheno;572-751-0141;sbitchenop@comsenz.com
27;427;Shandeigh;Buie;642-643-7225;sbuieq@unesco.org
28;428;Ashlie;Barosch;786-623-6250;abaroschr@pinterest.com
29;429;Jamey;McKeggie;306-258-3433;jmckeggies@baidu.com
30;430;Donaugh;MacCole;278-592-5864;dmaccolet@deliciousdays.com
31;431;Merilyn;Piesold;574-329-9869;mpiesoldu@histats.com
32;432;Janie;Baldi;919-144-6909;jbaldiv@nifty.com
33;433;Natalina;Morrallee;769-858-2150;nmorralleew@ask.com
34;434;Annis;Mecozzi;734-280-6038;amecozzix@is.gd
35;435;Annelise;Pikett;746-385-4476;apiketty@vkontakte.ru
36;436;Ruthann;Pumphreys;927-384-7368;rpumphreysz@topsy.com
37;437;Tobi;Spilsbury;163-125-5136;tspilsbury10@smugmug.com
38;438;Cornelia;Kynsey;433-355-4190;ckynsey11@columbia.edu
39;439;Faulkner;Hows;254-712-0361;fhows12@goodreads.com
40;440;Demetri;Jury;882-125-0049;djury13@nps.gov
41;441;Randall;Pellew;556-965-7623;rpellew14@list-manage.com
42;442;Kassia;Suddaby;808-939-5894;ksuddaby15@weather.com
43;443;Weylin;Schwandt;802-259-0425;wschwandt16@walmart.com
44;444;Gabriellia;Cleyne;337-889-0254;gcleyne17@privacy.gov.au
45;445;Webster;Badsey;486-454-6824;wbadsey18@pen.io
46;446;Jolie;Boardman;821-162-8051;jboardman19@163.com
47;447;Karole;Gyles;339-868-5198;kgyles1a@ft.com
48;448;Sibel;Klug;193-133-2186;sklug1b@multiply.com
49;449;Lorin;Pinkerton;425-270-0554;lpinkerton1c@smugmug.com
50;450;Ariel;Kinney;831-527-2839;akinney1d@stumbleupon.com
51;451;Ranice;Mayow;556-170-2119;rmayow1e@123-reg.co.uk
52;452;Olga;Elsegood;380-781-1820;oelsegood1f@intel.com
53;453;Neely;Staley;210-181-9807;nstaley1g@free.fr
54;454;Colver;Bulbeck;553-172-8560;cbulbeck1h@engadget.com
55;455;Payton;Farlambe;221-522-7786;pfarlambe1i@alexa.com
56;456;Pattie;Chrismas;715-620-6084;pchrismas1j@vinaora.com
57;457;Emmanuel;Geffen;685-906-3046;egeffen1k@nytimes.com
58;458;Torin;Altree;661-591-6571;taltree1l@ucoz.ru
59;459;Petronia;Freake;535-835-4716;pfreake1m@barnesandnoble.com
60;460;Tessi;Dorricott;566-391-6371;tdorricott1n@abc.net.au
61;461;Reuben;McCowan;471-828-3468;rmccowan1o@craigslist.org
62;462;Federica;Francey;755-740-1583;ffrancey1p@ed.gov
63;463;Adaline;Flatt;930-526-6888;aflatt1q@google.cn
64;464;Ambrosi;Matuska;231-421-2962;amatuska1r@moonfruit.com
65;465;Early;Trenoweth;267-140-3268;etrenoweth1s@rediff.com
66;466;Christin;Tullett;997-637-1990;ctullett1t@reverbnation.com
67;467;Lek;Scatchar;975-763-9639;lscatchar1u@vistaprint.com
68;468;Nickey;Tuckett;489-792-6453;ntuckett1v@shop-pro.jp
69;469;Rosana;Kaley;678-151-6348;rkaley1w@plala.or.jp
70;470;Regina;Kernar;797-623-2396;rkernar1x@feedburner.com
71;471;Brendan;Sproul;150-886-7827;bsproul1y@redcross.org
72;472;Elissa;Corish;709-436-7553;ecorish1z@newsvine.com
73;473;Ardith;Lightman;391-813-1988;alightman20@hud.gov
74;474;Gertrudis;Chatterton;238-879-0230;gchatterton21@utexas.edu
75;475;Nadine;Ravenhills;966-982-0283;nravenhills22@sun.com
76;476;Antonin;Von Welldun;336-694-8299;avonwelldun23@cocolog-nifty.com
77;477;Clive;Belz;582-867-6362;cbelz24@cbc.ca
78;478;Sullivan;Ivanenkov;613-611-7616;sivanenkov25@ezinearticles.com
79;479;Kitti;Strafford;705-544-2622;kstrafford26@google.de
80;480;Mata;Kurten;495-351-6304;mkurten27@fc2.com
81;481;Linn;Trotman;259-833-4645;ltrotman28@sciencedaily.com
82;482;Jaymie;De Dei;370-382-2880;jdedei29@simplemachines.org
83;483;Barnard;Morbey;310-340-2487;bmorbey2a@prnewswire.com
84;484;Cathrine;Rau;873-299-3814;crau2b@salon.com
85;485;Josh;Rudgard;763-641-3524;jrudgard2c@uol.com.br
86;486;Stacy;Stobart;378-334-0229;sstobart2d@ted.com
87;487;Hakim;Brigman;548-637-9000;hbrigman2e@wisc.edu
88;488;Arlan;O' Borne;730-999-9613;aoborne2f@dmoz.org
89;489;Hunter;Scotson;772-869-5487;hscotson2g@edublogs.org
90;490;Linc;Gifkins;322-902-7468;lgifkins2h@house.gov
91;491;Helga;Cramphorn;664-114-1770;hcramphorn2i@java.com
92;492;Lelah;Ashall;375-768-2545;lashall2j@oracle.com
93;493;Ira;Housecroft;727-155-8216;ihousecroft2k@sbwire.com
94;494;Aubrette;O'Henery;272-916-4778;aohenery2l@hexun.com
95;495;Caren;Studdeard;442-216-0840;cstuddeard2m@admin.ch
96;496;Vinson;Bariball;406-151-3973;vbariball2n@va.gov
97;497;Ewan;Rangeley;845-646-9205;erangeley2o@wufoo.com
98;498;Elyse;Pomphrey;323-865-2650;epomphrey2p@gmpg.org
99;499;Celestina;Meeus;747-225-4081;cmeeus2q@hp.com
100;500;Bud;Lankford;464-373-1199;blankford2r@google.de
101;501;Laurie;Pidduck;104-327-4663;lpidduck2s@blinklist.com
102;502;Oralee;Basler;926-112-2070;obasler2t@vkontakte.ru
103;503;Kass;Huerta;870-905-1434;khuerta2u@chicagotribune.com
104;504;Dyan;Lodden;263-321-6681;dlodden2v@barnesandnoble.com
105;505;Esdras;Borg-Bartolo;776-100-3530;eborgbartolo2w@europa.eu
106;506;Slade;Scriver;369-857-5112;sscriver2x@deliciousdays.com
107;507;Sidney;Caras;749-771-9177;scaras2y@pen.io
108;508;Yasmin;McIleen;630-634-0245;ymcileen2z@wsj.com
109;509;Beitris;Isaacs;715-788-4695;bisaacs30@nasa.gov
110;510;Vallie;Fowle;322-979-7936;vfowle31@berkeley.edu
111;511;Thaddus;O'Hallihane;964-573-1558;tohallihane32@blogtalkradio.com
112;512;Trix;Stainer;183-870-0043;tstainer33@amazon.co.jp
113;513;Page;McMorran;360-508-8508;pmcmorran34@yahoo.com
114;514;Pepillo;Geldard;852-248-3146;pgeldard35@theglobeandmail.com
115;515;Fidelio;Burgher;419-905-2389;fburgher36@sfgate.com
116;516;Britni;Dolley;212-398-4433;bdolley37@bing.com
117;517;Christos;Cousens;686-403-3171;ccousens38@patch.com
118;518;Goran;Croce;184-894-4531;gcroce39@phpbb.com
119;519;Gaby;Pengelley;880-990-6209;gpengelley3a@admin.ch
120;520;Jaymie;Gable;759-133-3294;jgable3b@github.com
121;521;Massimiliano;Labrum;387-218-7440;mlabrum3c@arizona.edu
122;522;Wally;Critzen;145-829-4600;wcritzen3d@amazon.com
123;523;Kai;Borit;201-805-2783;kborit3e@toplist.cz
124;524;Edna;Simms;553-643-6180;esimms3f@ftc.gov
125;525;Arthur;Inwood;362-201-1616;ainwood3g@go.com
126;526;Pooh;Queen;384-255-3854;pqueen3h@weather.com
127;527;Worden;Gidden;437-214-6203;wgidden3i@google.com.au
128;528;Valerie;Aldren;318-708-6241;valdren3j@chicagotribune.com
129;529;Willy;Potzold;302-388-4631;wpotzold3k@rediff.com
130;530;Florry;Hammelberg;208-590-7296;fhammelberg3l@ehow.com
131;531;Vachel;Faherty;365-122-4632;vfaherty3m@springer.com
132;532;Waverly;Androsik;600-683-6335;wandrosik3n@spiegel.de
133;533;Jeff;Gillie;898-249-6697;jgillie3o@moonfruit.com
134;534;Arlena;Cord;571-410-6559;acord3p@lycos.com
135;535;Ramona;Sutterfield;136-800-7853;rsutterfield3q@cnet.com
136;536;Dominique;Caddy;860-341-5672;dcaddy3r@discovery.com
137;537;Giana;Davidov;338-934-7285;gdavidov3s@flickr.com
138;538;Broderick;Pietersma;338-422-8127;bpietersma3t@salon.com
139;539;Toni;Czyz;781-914-7859;tczyz3u@newyorker.com
140;540;Christoper;Klima;387-678-5924;cklima3v@newyorker.com
141;541;Emiline;Auckland;299-228-0538;eauckland3w@pinterest.com
142;542;Ruy;Laugharne;858-189-6302;rlaugharne3x@chicagotribune.com
143;543;Nariko;Marriage;463-525-8003;nmarriage3y@symantec.com
144;544;Louise;Shapera;534-769-7167;lshapera3z@bigcartel.com
145;545;Britt;Ashwell;250-479-0694;bashwell40@wikispaces.com
146;546;Moyra;Ferentz;706-668-0162;mferentz41@storify.com
147;547;Vladimir;Giuroni;338-222-3518;vgiuroni42@businessinsider.com
148;548;Bibbye;Terrett;321-749-4042;bterrett43@macromedia.com
149;549;Lanie;Hansom;665-282-4305;lhansom44@w3.org
150;550;Dillon;Agerskow;131-955-3549;dagerskow45@vinaora.com
151;551;Traci;Lapham;463-494-8088;tlapham46@fastcompany.com
152;552;Mari;Battill;104-518-3730;mbattill47@noaa.gov
153;553;Viv;Daffey;419-998-9048;vdaffey48@washington.edu
154;554;Ezekiel;Kuhlmey;626-908-5503;ekuhlmey49@sbwire.com
155;555;Zebulon;Gooke;263-176-3382;zgooke4a@flickr.com
156;556;Shawn;Ottawell;697-145-5821;sottawell4b@163.com
157;557;Myrilla;Fraczkiewicz;406-242-9762;mfraczkiewicz4c@spiegel.de
158;558;Viviene;Cuthbertson;491-168-7117;vcuthbertson4d@drupal.org
159;559;Kessiah;Crosthwaite;307-751-3897;kcrosthwaite4e@indiegogo.com
160;560;Merry;Fluger;454-449-1491;mfluger4f@google.com.br
161;561;Benedetto;Kalewe;891-110-0616;bkalewe4g@telegraph.co.uk
162;562;Sheila-kathryn;Brosch;661-637-7034;sbrosch4h@rediff.com
163;563;Vernice;Shillabear;403-115-2461;vshillabear4i@mozilla.org
164;564;Flory;Garley;467-616-4902;fgarley4j@lycos.com
165;565;Mickey;January;960-754-6721;mjanuary4k@epa.gov
166;566;Graeme;Degan;567-442-1168;gdegan4l@artisteer.com
167;567;Clo;MacKee;290-649-8656;cmackee4m@taobao.com
168;568;Gianni;Duplain;578-764-0710;gduplain4n@cloudflare.com
169;569;Casar;Skim;634-736-1450;cskim4o@webnode.com
170;570;Goober;Lush;133-693-3309;glush4p@amazon.co.jp
171;571;Bridget;MacGowing;220-967-9722;bmacgowing4q@mit.edu
172;572;Carney;Clifft;471-906-7453;cclifft4r@ox.ac.uk
173;573;Chauncey;Greasley;715-124-3254;cgreasley4s@tiny.cc
174;574;Benoit;Slatter;852-399-6222;bslatter4t@japanpost.jp
175;575;Carri;Delgaty;874-564-7033;cdelgaty4u@intel.com
176;576;Amble;Gregan;165-894-8596;agregan4v@berkeley.edu
177;577;Wernher;Wastie;817-854-1169;wwastie4w@ovh.net
178;578;Ilyssa;Goult;690-133-8819;igoult4x@tiny.cc
179;579;Drusy;Sprulls;781-977-4265;dsprulls4y@nih.gov
180;580;Thomasa;Arnaldi;204-560-4075;tarnaldi4z@meetup.com
181;581;Gallagher;Youell;911-328-0535;gyouell50@howstuffworks.com
182;582;Frank;Wyer;868-968-3246;fwyer51@elegantthemes.com
183;583;Gerri;Finby;826-575-6564;gfinby52@spotify.com
184;584;Eran;Keelan;194-683-4430;ekeelan53@ucsd.edu
185;585;Nicol;Pickford;189-431-6770;npickford54@tinypic.com
186;586;Venita;Gosselin;468-526-9491;vgosselin55@oakley.com
187;587;Obadiah;Kubek;206-679-3134;okubek56@vk.com
188;588;Alvinia;Beckmann;679-298-1014;abeckmann57@ihg.com
189;589;Artur;Lapere;645-762-8473;alapere58@discuz.net
190;590;Noel;Parlatt;468-971-2581;nparlatt59@economist.com
191;591;Conway;Giraudoux;512-824-8529;cgiraudoux5a@is.gd
192;592;Minerva;Ploughwright;228-492-0175;mploughwright5b@barnesandnoble.com
193;593;Loren;Roddie;380-894-1653;lroddie5c@istockphoto.com
194;594;Dena;Brodley;305-500-9260;dbrodley5d@sphinn.com
195;595;Devinne;Spiers;155-345-0394;dspiers5e@webeden.co.uk
196;596;Molli;Bedward;152-900-4548;mbedward5f@springer.com
197;597;Ernie;Jessup;167-352-7603;ejessup5g@reference.com
198;598;Carma;Nattrass;619-152-5723;cnattrass5h@topsy.com
199;599;Celestyn;Dohmer;296-524-0779;cdohmer5i@epa.gov
200;600;Sharla;Battin;465-487-0471;sbattin5j@hostgator.com
201;601;Meta;Brownlee;970-208-3530;mbrownlee5k@cbsnews.com
202;602;Nathan;Beckworth;384-499-4092;nbeckworth5l@illinois.edu
203;603;Lorrie;Cicetti;757-477-7904;lcicetti5m@forbes.com
204;604;Juliann;Trappe;742-555-3125;jtrappe5n@ibm.com
205;605;Andras;Humberston;862-286-0865;ahumberston5o@google.com.br
206;606;Erin;MacCleod;977-817-2157;emaccleod5p@tmall.com
207;607;Burke;Farenden;491-949-1263;bfarenden5q@amazon.com
208;608;Con;Tudor;427-484-1881;ctudor5r@phpbb.com
209;609;Cleopatra;Curedell;797-648-1801;ccuredell5s@reverbnation.com
210;610;Honey;Jeenes;629-653-3008;hjeenes5t@mozilla.org
211;611;Ignatius;Infante;650-632-9432;iinfante5u@jigsy.com
212;612;Orv;Oattes;689-728-6507;ooattes5v@cdbaby.com
213;613;Andre;Pikett;812-940-0696;apikett5w@discuz.net
214;614;Humberto;Charlwood;623-959-7947;hcharlwood5x@dell.com
215;615;Ettie;Loynes;568-798-7093;eloynes5y@apple.com
216;616;Zane;Singh;122-378-1267;zsingh5z@yellowbook.com
217;617;Kearney;Jopling;179-778-6605;kjopling60@mapquest.com
218;618;Harwilll;Osman;867-804-8515;hosman61@amazon.de
219;619;Ly;Tebbitt;256-719-4912;ltebbitt62@indiegogo.com
220;620;Enrichetta;Ballston;304-484-4953;eballston63@gravatar.com
221;621;Halette;Antosch;866-847-9548;hantosch64@studiopress.com
222;622;Craggie;Jerg;426-141-9378;cjerg65@ted.com
223;623;Tomi;Tames;453-878-7803;ttames66@youku.com
224;624;Cherida;Sommer;330-703-5302;csommer67@abc.net.au
225;625;Gunther;D'eye;676-591-3820;gdeye68@purevolume.com
226;626;Mathilda;Menendes;719-660-7517;mmenendes69@si.edu
227;627;Wally;Ivancevic;992-710-2615;wivancevic6a@forbes.com
228;628;Cammie;Monson;219-746-7775;cmonson6b@blogs.com
229;629;Herta;Fitzsymons;767-113-7427;hfitzsymons6c@ted.com
230;630;Mellisent;Zeal;887-923-5468;mzeal6d@omniture.com
231;631;Aryn;Vertey;302-899-5149;avertey6e@uol.com.br
232;632;Heinrick;Vuittet;906-229-2855;hvuittet6f@ask.com
233;633;Carling;Spillman;277-959-1580;cspillman6g@nydailynews.com
234;634;Sabina;Surmon;165-148-8687;ssurmon6h@dropbox.com
235;635;Salvidor;Elphinston;681-781-8071;selphinston6i@symantec.com
236;636;Norene;Patington;378-328-0260;npatington6j@flickr.com
237;637;Randy;Klus;728-614-5907;rklus6k@hostgator.com
238;638;Leesa;Douthwaite;901-171-3037;ldouthwaite6l@cpanel.net
239;639;Caresse;Skyme;210-730-7213;cskyme6m@spotify.com
240;640;Esteban;Gardener;319-560-1834;egardener6n@hugedomains.com
241;641;Ketty;Turgoose;280-272-9213;kturgoose6o@springer.com
242;642;Ronalda;Kidner;128-629-8041;rkidner6p@free.fr
243;643;Joyan;Adacot;416-820-8954;jadacot6q@msn.com
244;644;Portie;Cowcha;296-879-0514;pcowcha6r@artisteer.com
245;645;Saloma;Eggers;442-338-4045;seggers6s@psu.edu
246;646;Radcliffe;Najara;344-848-7169;rnajara6t@liveinternet.ru
247;647;Alyssa;Allcroft;451-764-6310;aallcroft6u@prweb.com
248;648;Kenon;Ogan;564-379-5273;kogan6v@omniture.com
249;649;Cecily;Waddie;380-516-7274;cwaddie6w@com.com
250;650;Sean;Jedrzejczyk;790-262-6625;sjedrzejczyk6x@plala.or.jp
251;651;Nicky;Fisk;745-217-7608;nfisk6y@va.gov
252;652;Ruddie;Cordell;777-588-7883;rcordell6z@answers.com
253;653;Algernon;Dresser;865-545-8771;adresser70@github.com
254;654;Simone;Clear;430-173-9788;sclear71@scientificamerican.com
255;655;Rora;Cafferty;724-643-4524;rcafferty72@patch.com
256;656;Durand;Lodeke;862-761-7015;dlodeke73@virginia.edu
257;657;Rodney;O'Loghlen;804-417-9188;rologhlen74@prnewswire.com
258;658;Debee;Richarson;806-149-6882;dricharson75@twitpic.com
259;659;Lyndy;Barclay;389-192-9962;lbarclay76@cornell.edu
260;660;Maren;Medmore;885-188-4286;mmedmore77@utexas.edu
261;661;Lou;Godspede;817-525-8951;lgodspede78@ibm.com
262;662;Kareem;Fleckness;428-130-7935;kfleckness79@meetup.com
263;663;Christel;Sturgeon;424-400-3121;csturgeon7a@ed.gov
264;664;Amelina;Lorant;487-515-9701;alorant7b@tripod.com
265;665;Addie;Laven;481-858-2606;alaven7c@goo.gl
266;666;Cornie;Obee;269-582-4295;cobee7d@sourceforge.net
267;667;Mata;Garthland;748-142-6761;mgarthland7e@epa.gov
268;668;Dunc;Branscomb;159-524-6986;dbranscomb7f@va.gov
269;669;Wilie;Skoggings;313-842-5711;wskoggings7g@indiatimes.com
270;670;Ali;Corsham;350-416-8395;acorsham7h@sciencedaily.com
271;671;Dredi;Hawkyens;966-269-9911;dhawkyens7i@deliciousdays.com
272;672;Allegra;Tremontana;257-799-4415;atremontana7j@toplist.cz
273;673;Baird;Rickis;115-252-6448;brickis7k@java.com
274;674;Antonella;Houndsom;425-935-0954;ahoundsom7l@columbia.edu
275;675;Lacee;Gyorffy;319-526-4194;lgyorffy7m@boston.com
276;676;Marleen;Jerrom;760-966-1023;mjerrom7n@istockphoto.com
277;677;Franny;Frank;125-395-2398;ffrank7o@dropbox.com
278;678;Karleen;Gerard;593-854-8416;kgerard7p@taobao.com
279;679;Leanna;Minigo;503-413-5199;lminigo7q@altervista.org
280;680;Tallie;Heis;333-121-9067;theis7r@uiuc.edu
281;681;Gran;Mazzey;605-885-2985;gmazzey7s@nsw.gov.au
282;682;Conchita;Truitt;144-564-4727;ctruitt7t@twitpic.com
283;683;Demetris;Fowden;903-718-3707;dfowden7u@simplemachines.org
284;684;Dulci;Helkin;129-641-8715;dhelkin7v@washingtonpost.com
285;685;Garrot;Windeatt;838-698-7696;gwindeatt7w@sun.com
286;686;Eduard;Durman;773-662-8921;edurman7x@businesswire.com
287;687;Billy;Sokale;548-110-1058;bsokale7y@twitpic.com
288;688;Candida;Cayle;838-756-3115;ccayle7z@time.com
289;689;Shara;Byk;177-865-8269;sbyk80@wikispaces.com
290;690;Neila;Conan;188-758-2692;nconan81@vkontakte.ru
291;691;Carmelita;Menham;757-999-9033;cmenham82@eepurl.com
292;692;Giana;Donaghy;406-486-9425;gdonaghy83@amazon.co.jp
293;693;Skylar;Mulgrew;964-247-8391;smulgrew84@archive.org
294;694;Druci;Kabisch;260-470-1360;dkabisch85@examiner.com
295;695;Colly;Maffulli;697-622-4306;cmaffulli86@sciencedirect.com
296;696;Xylia;Hammett;704-747-2350;xhammett87@opera.com
297;697;Jacquetta;Labbett;218-539-7735;jlabbett88@wikimedia.org
298;698;Ive;Wharlton;109-946-0402;iwharlton89@ucla.edu
299;699;Karlik;Greenrodd;936-966-6120;kgreenrodd8a@imgur.com
300;700;Shirlene;Taphouse;659-812-9628;staphouse8b@so-net.ne.jp
301;701;Donica;Puttick;329-398-7735;dputtick8c@boston.com
302;702;Yalonda;Gaines;924-498-2489;ygaines8d@nifty.com
303;703;Leslie;Whitmarsh;957-425-3364;lwhitmarsh8e@hubpages.com
304;704;Dixie;Guidera;801-899-4424;dguidera8f@wordpress.com
305;705;Waylon;Ockland;279-296-0862;wockland8g@msu.edu
306;706;Jereme;Hover;101-188-3129;jhover8h@tinypic.com
307;707;Blake;Teresa;588-523-7286;bteresa8i@spotify.com
308;708;Damara;Polo;339-677-6436;dpolo8j@wikispaces.com
309;709;Justinian;Codrington;500-317-1574;jcodrington8k@issuu.com
310;710;Mignonne;Regler;125-247-3769;mregler8l@washingtonpost.com
311;711;Shell;Bridgwater;279-891-2495;sbridgwater8m@joomla.org
312;712;Leanna;Corradini;618-835-7196;lcorradini8n@upenn.edu
313;713;Morgan;Capel;798-204-1961;mcapel8o@indiatimes.com
314;714;Beverie;Jiggins;212-986-8417;bjiggins8p@washington.edu
315;715;Andree;Gimblet;980-168-9656;agimblet8q@indiegogo.com
316;716;Erie;Saunton;815-191-8881;esaunton8r@cbc.ca
317;717;Nicol;Callaway;904-154-3873;ncallaway8s@webs.com
318;718;Faunie;Lamball;808-475-7274;flamball8t@webnode.com
319;719;Ashien;Pitrollo;524-216-5367;apitrollo8u@tumblr.com
320;720;Hillary;Lardnar;667-135-6686;hlardnar8v@patch.com
321;721;Imojean;Nicol;784-829-8938;inicol8w@whitehouse.gov
322;722;Benton;Bennallck;784-680-4296;bbennallck8x@si.edu
323;723;Orella;O'Lunney;835-432-6118;oolunney8y@archive.org
324;724;Jamesy;Maffetti;174-593-7334;jmaffetti8z@myspace.com
325;725;Prudence;Size;336-960-5607;psize90@plala.or.jp
326;726;Siouxie;Bravington;127-444-1738;sbravington91@hp.com
327;727;Delilah;Cruwys;578-531-1647;dcruwys92@addthis.com
328;728;Padgett;Reedman;716-450-1042;preedman93@aboutads.info
329;729;Sammy;Griffitts;797-177-5842;sgriffitts94@zimbio.com
330;730;Maegan;Longthorn;311-789-4420;mlongthorn95@epa.gov
331;731;Othella;Carah;820-231-0389;ocarah96@npr.org
332;732;Fallon;McGeaney;484-776-3434;fmcgeaney97@npr.org
333;733;Fran;Catterall;430-791-9732;fcatterall98@stanford.edu
334;734;Nert;Sizzey;536-132-9852;nsizzey99@tinypic.com
335;735;Stephanus;Giacovelli;684-869-2167;sgiacovelli9a@abc.net.au
336;736;Lamar;Bruckenthal;230-735-8169;lbruckenthal9b@rambler.ru
337;737;Bendix;Brushneen;118-169-4753;bbrushneen9c@ameblo.jp
338;738;Iona;Cranton;836-840-3598;icranton9d@quantcast.com
339;739;Kaye;Rheubottom;424-929-4165;krheubottom9e@reddit.com
340;740;Charles;Beggs;623-983-2381;cbeggs9f@blogspot.com
341;741;Hatti;Emanson;692-273-2385;hemanson9g@plala.or.jp
342;742;Stacy;Devanny;192-578-5732;sdevanny9h@patch.com
343;743;Hew;Burkitt;179-585-4517;hburkitt9i@liveinternet.ru
344;744;Daune;Carstairs;115-100-1360;dcarstairs9j@washingtonpost.com
345;745;Sanford;Marlen;696-172-9075;smarlen9k@theguardian.com
346;746;Janna;De Giorgi;459-133-3827;jdegiorgi9l@rediff.com
347;747;Court;Stirgess;999-847-8119;cstirgess9m@mozilla.org
348;748;Wren;Natte;334-632-4047;wnatte9n@go.com
349;749;Roberto;Dignum;456-483-5750;rdignum9o@prweb.com
350;750;Kennedy;Firby;788-490-5224;kfirby9p@cam.ac.uk
351;751;Ambrosio;Pither;700-550-3262;apither9q@netlog.com
352;752;Avictor;Grafom;597-351-1371;agrafom9r@si.edu
353;753;Timothee;Payle;480-520-6852;tpayle9s@prlog.org
354;754;Lana;Hext;908-797-7255;lhext9t@weebly.com
355;755;Gracie;Lasseter;992-189-3965;glasseter9u@bigcartel.com
356;756;Aliza;Davidescu;868-158-2437;adavidescu9v@alibaba.com
357;757;Xavier;O'Currigan;386-612-8569;xocurrigan9w@xing.com
358;758;Neddy;Smewings;176-730-2198;nsmewings9x@reference.com
359;759;Caryl;Ricciardi;377-686-5771;cricciardi9y@slate.com
360;760;Gearalt;Hales;497-650-2293;ghales9z@chicagotribune.com
361;761;Eleanora;MacNess;490-964-1407;emacnessa0@theguardian.com
362;762;Danika;Cassey;599-414-6039;dcasseya1@live.com
363;763;Xena;Sherwill;333-848-4847;xsherwilla2@networkadvertising.org
364;764;Arnuad;Yansons;539-850-4341;ayansonsa3@scientificamerican.com
365;765;Anderson;Sadat;204-958-2016;asadata4@hexun.com
366;766;Tabbitha;Mordey;190-968-7679;tmordeya5@yahoo.com
367;767;Addi;Raunds;380-639-2490;araundsa6@hubpages.com
368;768;Davy;Rikel;579-803-6983;drikela7@yahoo.com
369;769;Domini;Claypool;985-703-6923;dclaypoola8@wix.com
370;770;Fayina;Fidelus;498-241-1300;ffidelusa9@cnn.com
371;771;Erny;Von Welldun;468-894-2379;evonwelldunaa@msu.edu
372;772;Jeramie;Jansie;118-482-9782;jjansieab@symantec.com
373;773;Ynes;Huckin;922-399-0029;yhuckinac@irs.gov
374;774;Jedd;Miller;790-797-6938;jmillerad@ucoz.ru
375;775;Helenelizabeth;Skittrall;253-556-3599;hskittrallae@elegantthemes.com
376;776;Ula;Birch;142-679-0743;ubirchaf@infoseek.co.jp
377;777;Noll;Leete;691-224-2758;nleeteag@jiathis.com
378;778;Roby;Cresser;581-830-3147;rcresserah@technorati.com
379;779;Lucine;Redler;214-123-5312;lredlerai@bbc.co.uk
380;780;Danit;Jagiela;320-397-6601;djagielaaj@si.edu
381;781;Casey;Ugoletti;905-812-2230;cugolettiak@umn.edu
382;782;Gaby;Fereday;959-881-4101;gferedayal@paginegialle.it
383;783;Heidi;Darbey;685-969-7736;hdarbeyam@deliciousdays.com
384;784;Duane;Glanz;220-287-4448;dglanzan@columbia.edu
385;785;Alberta;Bitchener;282-827-5457;abitchenerao@istockphoto.com
386;786;Liv;Maccaddie;512-484-7982;lmaccaddieap@whitehouse.gov
387;787;Lindi;Pither;898-602-0550;lpitheraq@goo.gl
388;788;Gibb;Fogg;114-784-7777;gfoggar@facebook.com
389;789;Wallie;Mingaud;168-647-9720;wmingaudas@spotify.com
390;790;Ambrosi;Cashley;294-383-8866;acashleyat@wired.com
391;791;Issy;Ellerton;287-840-7188;iellertonau@webs.com
392;792;Trenna;Bayston;453-919-3766;tbaystonav@ox.ac.uk
393;793;Jobi;Dumingos;104-587-2215;jdumingosaw@people.com.cn
394;794;Jephthah;Balkwill;355-582-0200;jbalkwillax@salon.com
395;795;Lucine;Byars;860-278-6132;lbyarsay@barnesandnoble.com
396;796;Ethelbert;Goldsby;913-131-9401;egoldsbyaz@ask.com
397;797;Boyd;Innocenti;736-681-2462;binnocentib0@columbia.edu
398;798;Jillana;Mongain;501-373-0511;jmongainb1@zimbio.com
399;799;Hubert;Horley;411-403-5506;hhorleyb2@indiatimes.com
400;800;Loise;Stichall;552-205-3474;lstichallb3@a8.net
401;801;Averill;Ghidotti;183-858-5458;aghidottib4@macromedia.com
402;802;Tallie;Thompson;464-216-3997;tthompsonb5@vimeo.com
403;803;Karrah;Klemensiewicz;281-233-8241;kklemensiewiczb6@sfgate.com
404;804;Matelda;Gaythwaite;292-689-6640;mgaythwaiteb7@biglobe.ne.jp
405;805;Thelma;Knapper;250-934-1085;tknapperb8@webnode.com
406;806;Quinlan;Issacson;267-918-5994;qissacsonb9@narod.ru
407;807;Bram;Dunlea;545-588-2827;bdunleaba@bloglines.com
408;808;Kara;Bountiff;246-482-0040;kbountiffbb@tmall.com
409;809;Tadeas;Maidment;743-527-1345;tmaidmentbc@hhs.gov
410;810;Gerrard;Emloch;461-122-4373;gemlochbd@symantec.com
411;811;Breena;Philippard;915-124-3760;bphilippardbe@omniture.com
412;812;Althea;Cabel;177-463-5199;acabelbf@nasa.gov
413;813;Doretta;Sneath;593-419-1601;dsneathbg@slashdot.org
414;814;Lorenza;Tethcote;267-192-8466;ltethcotebh@globo.com
415;815;Kurtis;Geharke;295-352-1816;kgeharkebi@rambler.ru
416;816;Duffy;Konneke;185-171-0010;dkonnekebj@cdbaby.com
417;817;Quillan;Vickar;395-302-6280;qvickarbk@typepad.com
418;818;Bartel;Haston;370-766-0653;bhastonbl@baidu.com
419;819;Ketti;Reiach;424-539-0167;kreiachbm@army.mil
420;820;Rana;Thorowgood;717-214-7864;rthorowgoodbn@washingtonpost.com
421;821;Elihu;Drissell;100-563-9303;edrissellbo@bloglines.com
422;822;Ileana;Papa;137-349-3501;ipapabp@is.gd
423;823;Kristos;Wellsman;933-625-4830;kwellsmanbq@mayoclinic.com
424;824;Rosalie;De Winton;669-718-7626;rdewintonbr@slashdot.org
425;825;Pamela;Errigo;425-911-1717;perrigobs@auda.org.au
426;826;Amalee;Kubicki;800-284-2370;akubickibt@ucoz.ru
427;827;Skyler;Creaser;985-866-1091;screaserbu@netscape.com
428;828;Ginny;Haggard;599-323-4698;ghaggardbv@mayoclinic.com
429;829;Vickie;Brownlee;547-609-1572;vbrownleebw@cocolog-nifty.com
430;830;Petronella;Parnall;577-858-4285;pparnallbx@geocities.com
431;831;Kessia;Milhench;231-158-9283;kmilhenchby@ifeng.com
432;832;Justinn;Treherne;657-683-3557;jtrehernebz@macromedia.com
433;833;Maridel;Pigdon;202-137-2671;mpigdonc0@who.int
434;834;Wesley;Scouse;936-693-3073;wscousec1@studiopress.com
435;835;Ninon;Wassell;930-857-0638;nwassellc2@infoseek.co.jp
436;836;Jacqueline;Overbury;622-116-8097;joverburyc3@sciencedaily.com
437;837;Perice;Chominski;356-306-2321;pchominskic4@ibm.com
438;838;Jeno;Monday;649-685-6001;jmondayc5@cnn.com
439;839;Rem;Veschambre;514-958-7479;rveschambrec6@army.mil
440;840;Tymon;Claydon;438-890-9619;tclaydonc7@bigcartel.com
441;841;Greg;Semarke;564-413-3665;gsemarkec8@i2i.jp
442;842;Brana;Gurg;401-580-6046;bgurgc9@example.com
443;843;Valencia;Casillis;934-602-7464;vcasillisca@behance.net
444;844;Boigie;Bachelar;495-547-5061;bbachelarcb@dot.gov
445;845;Kiri;Hinrichsen;327-692-3897;khinrichsencc@un.org
446;846;Manuel;Sharrier;679-439-9531;msharriercd@multiply.com
447;847;Billie;Mordy;475-469-6031;bmordyce@amazonaws.com
448;848;Sutherland;Wellwood;112-721-4599;swellwoodcf@abc.net.au
449;849;Ahmad;Colter;505-904-3794;acoltercg@ycombinator.com
450;850;Marga;Gudge;815-951-7088;mgudgech@mail.ru
451;851;Sergio;Borrington;147-169-6835;sborringtonci@dmoz.org
452;852;Bobbee;Lideard;258-347-2991;blideardcj@joomla.org
453;853;Shelby;Garlant;498-248-2475;sgarlantck@deviantart.com
454;854;Helyn;Oxbrough;345-440-3299;hoxbroughcl@liveinternet.ru
455;855;Sianna;Nutbrown;152-971-4634;snutbrowncm@princeton.edu
456;856;Jolyn;Hinks;474-735-4459;jhinkscn@constantcontact.com
457;857;Esteban;Scottrell;390-848-7499;escottrellco@webmd.com
458;858;Patric;Jiruca;400-493-2226;pjirucacp@bandcamp.com
459;859;Ardath;Barrand;149-690-5535;abarrandcq@ifeng.com
460;860;Wilma;Pettegre;976-433-3719;wpettegrecr@irs.gov
461;861;Madison;Maciejewski;931-169-0905;mmaciejewskics@nba.com
462;862;Kirstyn;Kreuzer;614-773-6516;kkreuzerct@bbc.co.uk
463;863;Temp;Emtage;584-805-6809;temtagecu@whitehouse.gov
464;864;Paulie;Jerdein;420-535-7112;pjerdeincv@chronoengine.com
465;865;Niccolo;Jamary;354-215-7610;njamarycw@usda.gov
466;866;Audrey;Bridgland;955-802-0274;abridglandcx@godaddy.com
467;867;Marlena;Vidgen;711-610-0969;mvidgency@last.fm
468;868;Birgitta;Goldingay;751-735-1327;bgoldingaycz@sina.com.cn
469;869;Effie;Topley;562-677-8213;etopleyd0@redcross.org
470;870;Moses;Ilchenko;463-768-9592;milchenkod1@marketwatch.com
471;871;Iver;Hodcroft;751-977-3442;ihodcroftd2@dmoz.org
472;872;Andrej;Wolfenden;256-743-3555;awolfendend3@ning.com
473;873;Boyce;Cluff;687-203-3896;bcluffd4@ft.com
474;874;Gisela;Petrosian;897-853-0850;gpetrosiand5@shop-pro.jp
475;875;Meryl;Conechie;587-654-2875;mconechied6@columbia.edu
476;876;Artur;Adney;444-908-0858;aadneyd7@mtv.com
477;877;Milton;Strode;173-229-5643;mstroded8@bbb.org
478;878;Barbey;Rainon;485-727-2229;brainond9@businessinsider.com
479;879;Dale;Seamark;738-183-9947;dseamarkda@hibu.com
480;880;Redd;Elmer;620-892-3685;relmerdb@t-online.de
481;881;Hollyanne;Brunstan;243-203-2085;hbrunstandc@smh.com.au
482;882;Inger;Render;399-617-7516;irenderdd@blogspot.com
483;883;Lyda;Khristoforov;821-485-0468;lkhristoforovde@rambler.ru
484;884;Elroy;Stichall;562-927-5089;estichalldf@constantcontact.com
485;885;Gregorio;Bark;390-738-3598;gbarkdg@rambler.ru
486;886;Ange;McEvon;650-109-5230;amcevondh@posterous.com
487;887;Kermit;Stanlock;162-532-1635;kstanlockdi@tinyurl.com
488;888;Sergio;Derkes;224-913-9008;sderkesdj@bizjournals.com
489;889;Rabi;Edlestone;406-379-0919;redlestonedk@google.ru
490;890;Ring;Duffell;193-467-3880;rduffelldl@virginia.edu
491;891;Lelia;Paxforde;617-467-9097;lpaxfordedm@goo.ne.jp
492;892;Robby;Starsmeare;638-587-9030;rstarsmearedn@miitbeian.gov.cn
493;893;Camilla;Agus;459-160-1623;cagusdo@scientificamerican.com
494;894;Rosemonde;Orchart;810-445-5518;rorchartdp@businessweek.com
495;895;Galven;Bartrum;325-561-4953;gbartrumdq@foxnews.com
496;896;Bradney;Duns;717-502-3129;bdunsdr@51.la
497;897;Brietta;Antoniottii;184-546-3435;bantoniottiids@seesaa.net
498;898;Barb;Ranald;733-790-3068;branalddt@jalbum.net
499;899;Ermanno;Antognazzi;292-457-6499;eantognazzidu@posterous.com
500;900;Ruby;Benion;272-199-9773;rbeniondv@canalblog.com