id_pracownik;id_sklep;id_stanowisko;id_umowa;id_ulica;imie;drugie_imie;nazwisko;data_urodzenia;pesel;nr_tel_1;email
1;1;1;1;101;Yancy;Lari;Gilmartin;02.04.1968;35323055935;388-747-7932;lgilmartin0@paginegialle.it
2;2;2;2;102;Kelsey;Ginnie;Paeckmeyer;15.12.1970;43454764374;545-269-5103;gpaeckmeyer1@lycos.com
3;3;3;3;103;Samuel;Lesya;Tydd;31.12.1981;80586876749;244-951-9092;ltydd2@1688.com
4;4;4;4;104;Melvin;Gustave;Loddy;19.05.1989;89426275046;478-968-8961;gloddy3@scribd.com
5;5;5;5;105;Agustin;Dietrich;Duckworth;22.08.1982;73464623645;216-913-6513;dduckworth4@statcounter.com
6;6;6;6;106;Becky;Tim;Eberz;22.11.1988;63485898157;354-907-4151;teberz5@nature.com
7;7;7;7;107;Kelbee;Brianna;Rheaume;28.02.1973;48574789644;414-517-7816;brheaume6@nifty.com
8;8;8;8;108;Sumner;Chicky;Blunkett;02.04.1971;89509253913;607-982-8660;cblunkett7@blogspot.com
9;9;9;9;109;Pia;Dody;List;19.01.1955;37314219697;349-263-7908;dlist8@plala.or.jp
10;10;10;10;110;Ripley;Erda;McAloren;14.11.1968;20864167992;562-913-8769;emcaloren9@wordpress.com
11;11;11;11;111;Joyann;Pooh;Dawney;26.03.1962;25371631281;678-404-4219;pdawneya@domainmarket.com
12;12;12;12;112;Imelda;Art;Chesterton;06.06.1990;43322695029;768-329-5932;achestertonb@hostgator.com
13;13;13;13;113;Eli;Raf;Rosenschein;25.05.1968;76733822052;861-622-5141;rrosenscheinc@squarespace.com
14;14;14;14;114;Ethelred;Tully;Luby;05.09.1962;19086866409;805-843-0986;tlubyd@elegantthemes.com
15;15;15;15;115;Ilysa;Cart;Creaser;02.09.1969;62303049402;380-492-0808;ccreasere@dell.com
16;16;16;16;116;Alethea;Maxy;Eyrl;01.06.1978;62371997075;507-610-0441;meyrlf@tripod.com
17;17;17;17;117;Mendie;Collete;Gibben;13.11.1985;92443684116;307-499-4000;cgibbeng@theglobeandmail.com
18;18;18;18;118;Analise;Hill;MacHostie;19.09.1957;40344943035;577-785-9870;hmachostieh@wikia.com
19;19;19;19;119;Davon;Beverie;Manes;06.11.1980;62881604899;845-950-8352;bmanesi@washingtonpost.com
20;20;20;20;120;Marco;Jordon;Barnet;13.05.1964;44370789672;737-942-6839;jbarnetj@sciencedirect.com
21;21;21;21;121;Yelena;Wade;Beste;26.02.1964;56565483013;143-753-9461;wbestek@sciencedaily.com
22;22;22;22;122;Gladys;Berke;O' Culligan;31.03.2000;82390996077;238-374-1011;boculliganl@slate.com
23;23;23;23;123;Rouvin;Catharine;Burnsell;25.08.1959;56729294664;659-767-8406;cburnsellm@creativecommons.org
24;24;24;24;124;Vito;Antonio;Ilyin;21.05.1993;35937479994;240-780-7551;ailyinn@over-blog.com
25;25;25;25;125;Geralda;Krystle;Mapston;13.02.1956;81595417727;107-943-9596;kmapstono@examiner.com
26;26;26;26;126;Anni;Cherish;Escalera;03.03.1983;87459942259;946-127-0947;cescalerap@mashable.com
27;27;27;27;127;Cull;Charyl;Bazelle;11.09.2001;18169532852;973-154-0521;cbazelleq@booking.com
28;28;28;28;128;Toddie;Dilly;Pitt;11.09.1977;73658746310;517-584-3729;dpittr@clickbank.net
29;29;29;29;129;Bianca;Terza;Fayerbrother;11.01.1961;24991561824;812-387-2023;tfayerbrothers@google.de
30;30;30;30;130;Lancelot;Rosa;Gorton;28.01.1991;48650211882;410-492-6173;rgortont@360.cn
31;31;31;31;131;Tatiania;Nikki;Hayller;02.11.1968;28992968745;454-651-8599;nhaylleru@illinois.edu
32;32;32;32;132;Field;Pegeen;Dance;07.03.1984;28714089439;153-432-6453;pdancev@youtu.be
33;33;33;33;133;Jacklyn;Kathie;Bawles;26.12.1970;40695056098;959-879-2947;kbawlesw@cyberchimps.com
34;34;34;34;134;Evita;Eli;Prew;05.11.1959;37157950678;900-339-3215;eprewx@exblog.jp
35;35;35;35;135;Nert;Averell;Exeter;26.11.1974;65247494533;840-992-7631;aexetery@odnoklassniki.ru
36;36;36;36;136;Winne;Manolo;Gartshore;18.06.1991;42337563427;536-688-2269;mgartshorez@salon.com
37;37;37;37;137;Loralyn;Anne-marie;Whoolehan;29.01.1993;78061210726;141-246-2179;awhoolehan10@google.de
38;38;38;38;138;Josie;Guglielma;Jollands;20.10.1995;66078523639;788-583-3285;gjollands11@smugmug.com
39;39;39;39;139;Norris;Fraze;Surmeyer;10.04.2000;87238825078;167-490-5363;fsurmeyer12@gizmodo.com
40;40;40;40;140;Krystal;Abby;Houtby;02.03.1999;75088342418;834-750-7272;ahoutby13@nasa.gov
41;41;41;41;141;Jammal;Brandtr;Girone;12.04.1979;12821722519;101-620-2264;bgirone14@cbsnews.com
42;42;42;42;142;Kenny;Wynnie;Polfer;07.05.1975;10864415789;900-587-3550;wpolfer15@dailymail.co.uk
43;43;43;43;143;Rip;Corena;Gillham;06.05.1968;21994705314;366-362-2731;cgillham16@elegantthemes.com
44;44;44;44;144;Hobard;Audrey;Tock;13.10.1972;89581494153;731-110-8432;atock17@ask.com
45;45;45;45;145;Gwen;Arther;Minci;17.03.1960;85910873638;402-273-8156;aminci18@edublogs.org
46;46;46;46;146;Kacey;Kore;Rowswell;13.08.1971;41470305611;197-980-1724;krowswell19@edublogs.org
47;47;47;47;147;Ban;Jemima;Pollen;30.04.1965;63741106974;892-471-2313;jpollen1a@addtoany.com
48;48;48;48;148;Jamal;Cairistiona;Bussen;20.08.1955;49547496631;700-374-7855;cbussen1b@prlog.org
49;49;49;49;149;Frants;Hilton;Smallcomb;12.06.1986;91563934263;390-909-3551;hsmallcomb1c@samsung.com
50;50;50;50;150;Ted;Cameron;Haggeth;17.11.1999;61140161684;553-788-3555;chaggeth1d@bloglovin.com
51;51;51;51;151;Mair;Micheil;Hassekl;16.04.1982;96852572539;312-237-0355;mhassekl1e@homestead.com
52;52;52;52;152;Maison;Janeen;Yuryichev;13.10.1978;16252448407;650-877-5730;jyuryichev1f@dot.gov
53;53;53;53;153;Chrissy;Shaun;Dekeyser;27.06.1983;86056287907;948-922-5000;sdekeyser1g@canalblog.com
54;54;54;54;154;Sib;Minetta;Dowsing;09.12.1956;37687935114;199-241-5124;mdowsing1h@surveymonkey.com
55;55;55;55;155;Augustina;Johnna;Yaknov;27.08.1960;94979683051;598-436-4855;jyaknov1i@webs.com
56;56;56;56;156;Teodoro;Tome;Falconer-Taylor;25.06.1957;33882308001;522-374-0267;tfalconertaylor1j@go.com
57;57;57;57;157;Hi;Kenneth;Ackrill;19.02.1974;98944582875;499-819-4682;kackrill1k@odnoklassniki.ru
58;58;58;58;158;Faith;Ami;Hickisson;30.05.1966;64758074965;241-759-0368;ahickisson1l@diigo.com
59;59;59;59;159;Borg;Teressa;Dyneley;13.07.1986;32338387446;812-225-3513;tdyneley1m@tumblr.com
60;60;60;60;160;Jerrilyn;Lotty;Gainsborough;23.06.1961;36894539334;482-334-5268;lgainsborough1n@google.co.uk
61;61;61;61;161;Avie;Joellyn;Scogin;06.02.1991;94618966064;269-400-7845;jscogin1o@irs.gov
62;62;62;62;162;Tobin;Aland;Rain;18.07.1977;22571145301;707-508-3414;arain1p@army.mil
63;63;63;63;163;Libbey;Kristofor;Milsted;10.03.1980;79486585543;532-632-4991;kmilsted1q@blogger.com
64;64;64;64;164;Arline;Allis;Stede;09.03.1964;81472833740;345-326-7794;astede1r@webmd.com
65;65;65;65;165;Roi;Brandi;Urpeth;21.09.1970;90970202435;369-250-2576;burpeth1s@npr.org
66;66;66;66;166;Byran;Holt;Westberg;27.04.1991;38714104639;204-738-0773;hwestberg1t@multiply.com
67;67;67;67;167;Moselle;Cristine;Diben;30.11.1971;55384795122;332-687-3706;cdiben1u@unesco.org
68;68;68;68;168;Yalonda;Beitris;Chevolleau;21.08.1989;32940764567;253-434-6879;bchevolleau1v@kickstarter.com
69;69;69;69;169;Koo;Rafi;Mapstone;25.06.1995;85782370673;175-427-1825;rmapstone1w@xinhuanet.com
70;70;70;70;170;Bryon;Kiah;Tettersell;10.04.1988;78764085618;750-159-7559;ktettersell1x@t.co
71;71;71;71;171;Devi;Gilbertina;Delacroux;10.06.1965;33765672145;241-575-5639;gdelacroux1y@telegraph.co.uk
72;72;72;72;172;Carlo;Alex;Galloway;18.12.1988;64767447072;120-183-7670;agalloway1z@people.com.cn
73;73;73;73;173;Neale;Juliet;Trase;15.11.1994;91642673210;985-531-8372;jtrase20@miibeian.gov.cn
74;74;74;74;174;Ennis;Hollyanne;Iacapucci;28.01.1957;36397150696;398-893-3088;hiacapucci21@hp.com
75;75;75;75;175;Coral;Gerty;Corbin;08.07.1982;41955154214;858-916-6317;gcorbin22@microsoft.com
76;76;76;76;176;Tedman;Vicky;Alejo;20.11.2001;74904919227;271-195-6888;valejo23@altervista.org
77;77;77;77;177;Verine;Luisa;Jozwiak;30.04.1971;43011878849;600-359-6078;ljozwiak24@disqus.com
78;78;78;78;178;Lucius;Janene;Dunsmore;20.12.1974;78934994148;980-292-3541;jdunsmore25@mozilla.org
79;79;79;79;179;Merle;Barnabas;Causley;19.06.1962;39225694192;937-830-5919;bcausley26@merriam-webster.com
80;80;80;80;180;Earlie;Kip;Buckby;09.10.1973;34013804224;212-383-2780;kbuckby27@xrea.com
81;81;81;81;181;Lonee;Salomon;Elijah;22.04.1997;23836373206;451-420-5164;selijah28@pbs.org
82;82;82;82;182;Othella;Josi;Baake;06.06.2001;90862894651;635-203-6264;jbaake29@yahoo.co.jp
83;83;83;83;183;Stacee;Sherlocke;Renfield;14.08.1958;85016941282;193-985-7198;srenfield2a@examiner.com
84;84;84;84;184;Jillie;Avery;Mundow;14.02.1978;77935865213;419-362-9978;amundow2b@studiopress.com
85;85;85;85;185;Ira;Joey;Witard;16.05.1973;25161967428;733-178-5487;jwitard2c@statcounter.com
86;86;86;86;186;Garry;Arlan;Caught;16.04.1970;89091683800;330-320-5061;acaught2d@gravatar.com
87;87;87;87;187;Nickie;Bernelle;Rodinger;18.01.1966;79342347589;954-296-3977;brodinger2e@nymag.com
88;88;88;88;188;Nellie;Tudor;Lomath;18.05.1988;47634512070;946-859-0629;tlomath2f@tripadvisor.com
89;89;89;89;189;Kayne;Harrison;Gendricke;02.09.2001;63490408195;246-693-1886;hgendricke2g@canalblog.com
90;90;90;90;190;Fair;Walden;Selwyne;20.07.1963;85527787453;562-266-3748;wselwyne2h@xinhuanet.com
91;91;91;91;191;Hagan;Binny;Niland;27.05.1956;42919310466;640-889-9348;bniland2i@zimbio.com
92;92;92;92;192;Jourdan;Poul;Nettleship;25.09.1967;75537105203;632-386-6072;pnettleship2j@elpais.com
93;93;93;93;193;Fulton;Korry;Burnyeat;31.03.1959;64491199103;848-214-4825;kburnyeat2k@delicious.com
94;94;94;94;194;Nissie;Ferris;Benka;03.05.1995;47364883735;213-645-6621;fbenka2l@apache.org
95;95;95;95;195;Elwira;Allsun;Finlaison;07.03.2002;93781474522;619-396-0903;afinlaison2m@facebook.com
96;96;96;96;196;Wyatan;Vlad;Titmuss;06.03.1957;33307813495;450-967-3575;vtitmuss2n@illinois.edu
97;97;97;97;197;Juieta;Barnebas;Stubbings;09.06.1961;34457393950;685-799-4218;bstubbings2o@jiathis.com
98;98;98;98;198;Shelden;Hewe;Hillin;08.03.2001;48212956072;634-343-7703;hhillin2p@comsenz.com
99;99;99;99;199;Hunfredo;Sylvester;Lunge;09.11.1991;25520653634;589-198-2207;slunge2q@liveinternet.ru
100;100;100;100;200;Saxe;Everard;Petrolli;28.03.1956;36137502478;960-155-4778;epetrolli2r@surveymonkey.com
101;1;1;101;201;Odessa;Theodoric;Reffe;19.06.1959;98344646999;363-385-6736;treffe2s@pbs.org
102;2;2;102;202;Matty;Kara;Yosselevitch;17.09.1981;25654433444;663-509-0351;kyosselevitch2t@miibeian.gov.cn
103;3;3;103;203;Nedi;Wendye;Dobrowlski;07.10.1983;69102109232;613-553-7377;wdobrowlski2u@ebay.co.uk
104;4;4;104;204;Charlton;Kipp;Albertson;05.11.2001;45728668410;406-828-3393;kalbertson2v@weather.com
105;5;5;105;205;Jane;Tracie;Tams;04.08.1968;40994277561;248-450-6284;ttams2w@zimbio.com
106;6;6;106;206;Melly;Glen;Triebner;21.01.1989;38014303767;480-639-8725;gtriebner2x@biblegateway.com
107;7;7;107;207;Zabrina;Elnore;Feldman;06.08.1956;71810284705;454-194-5540;efeldman2y@newsvine.com
108;8;8;108;208;Emmaline;Junia;Klemz;23.12.1956;16443687632;749-364-2326;jklemz2z@sfgate.com
109;9;9;109;209;Edie;Rodi;Whettleton;28.01.1984;43673184210;130-874-8082;rwhettleton30@seesaa.net
110;10;10;110;210;Georgy;Margeaux;Kilshall;31.12.1988;71654294932;595-310-8355;mkilshall31@eventbrite.com
111;11;11;111;211;Gabriellia;Jamaal;Goldis;24.02.1960;23741280200;582-733-9327;jgoldis32@seattletimes.com
112;12;12;112;212;Anatola;Imelda;Lantuffe;15.02.1974;68911956932;150-987-4482;ilantuffe33@patch.com
113;13;13;113;213;Yehudit;Merry;Cleal;27.05.1997;93111874931;452-218-1159;mcleal34@wikispaces.com
114;14;14;114;214;Woodrow;Petronia;Ranscomb;13.04.1971;40777198634;490-100-8500;pranscomb35@wisc.edu
115;15;15;115;215;Bogey;Glenden;Raikes;15.02.1957;59702659790;789-189-1421;graikes36@feedburner.com
116;16;16;116;216;Clementine;Cyndia;Shillaber;26.02.1961;62803701870;562-656-6300;cshillaber37@eventbrite.com
117;17;17;117;217;Seana;Abey;Serot;16.12.1968;42320750926;953-873-8733;aserot38@theglobeandmail.com
118;18;18;118;218;Regina;Gwenny;Lynch;06.10.1968;67841578756;111-541-6046;glynch39@infoseek.co.jp
119;19;19;119;219;Archambault;Lucille;Liddington;24.10.1968;24762177832;963-856-0074;lliddington3a@scientificamerican.com
120;20;20;120;220;Bobette;Elbert;Greir;27.05.1975;75792468032;861-580-9237;egreir3b@marriott.com
121;21;21;121;221;Aldric;Jeannine;Martinetto;02.12.1958;17437247902;815-593-8728;jmartinetto3c@google.co.uk
122;22;22;122;222;Hillary;Estella;Haton;30.04.1967;77206118085;709-665-0168;ehaton3d@dion.ne.jp
123;23;23;123;223;Ermin;Bastian;Taborre;30.08.1999;24980856251;767-874-6507;btaborre3e@barnesandnoble.com
124;24;24;124;224;Artus;Ansell;Sillis;09.08.1980;94051965500;420-812-8944;asillis3f@weibo.com
125;25;25;125;225;Kirsti;Christye;Reedick;08.07.1980;97778171459;143-187-8800;creedick3g@is.gd
126;26;26;126;226;James;Ferdie;Fritchly;13.10.1962;33603830418;173-350-5547;ffritchly3h@cnn.com
127;27;27;127;227;Gabbey;Dex;Gowen;15.05.1982;85359903620;984-224-9646;dgowen3i@cbc.ca
128;28;28;128;228;Richmond;Jedidiah;Capps;25.11.1992;19907827324;884-286-3380;jcapps3j@prweb.com
129;29;29;129;229;Teena;Brittany;Caccavella;17.02.1970;85945972418;839-939-1262;bcaccavella3k@eventbrite.com
130;30;30;130;230;Fredia;Jacquenetta;Digle;17.07.1961;66331161652;553-337-1849;jdigle3l@ovh.net
131;31;31;131;231;Nikki;Giuseppe;Entissle;21.12.2001;36997711012;428-931-2977;gentissle3m@ihg.com
132;32;32;132;232;Pet;Ellynn;Mayes;14.11.1994;61080020949;555-424-4701;emayes3n@timesonline.co.uk
133;33;33;133;233;Diena;Dani;Pound;04.11.1954;68267158844;635-305-0037;dpound3o@unesco.org
134;34;34;134;234;Shurlocke;Angeli;Ormond;21.10.1971;42455206319;154-399-4043;aormond3p@msn.com
135;35;35;135;235;Wilfrid;Abbey;Martelet;10.03.1970;82853561372;752-824-2093;amartelet3q@blogtalkradio.com
136;36;36;136;236;Maxi;Winston;Hardey;24.03.1982;31987975204;696-622-0260;whardey3r@thetimes.co.uk
137;37;37;137;237;Douglass;Ashely;Alton;31.01.1969;10300728789;496-113-1204;aalton3s@fema.gov
138;38;38;138;238;Ezequiel;Antonietta;Killiam;15.09.1957;23846297756;324-124-9787;akilliam3t@g.co
139;39;39;139;239;Letizia;Maryjo;Scruby;05.11.1984;70128549874;441-480-6792;mscruby3u@so-net.ne.jp
140;40;40;140;240;Dee dee;Sarine;Dobrovolski;26.09.1962;17403045866;772-913-0035;sdobrovolski3v@bluehost.com
141;41;41;141;241;Gilbertine;Genvieve;Davis;24.08.1982;47821776724;410-189-8402;gdavis3w@nba.com
142;42;42;142;242;Morse;Violet;Olivella;09.03.1997;12111457432;155-213-8461;volivella3x@telegraph.co.uk
143;43;43;143;243;Lillian;Lamar;Branchflower;21.04.1991;40168821901;909-442-7789;lbranchflower3y@woothemes.com
144;44;44;144;244;Brena;Ahmed;Pechold;11.01.2000;58826052681;280-726-8228;apechold3z@cnbc.com
145;45;45;145;245;Angele;Cly;Shawel;15.03.1971;42851811086;496-794-7073;cshawel40@usatoday.com
146;46;46;146;246;Frasier;Dyana;Glennie;14.05.1994;67459161011;646-933-1185;dglennie41@macromedia.com
147;47;47;147;247;Maxie;Flory;Greenrod;15.04.2000;99862693557;763-412-8651;fgreenrod42@hugedomains.com
148;48;48;148;248;Vinson;Jerry;Rockcliff;13.08.1962;16687050274;349-988-3698;jrockcliff43@theatlantic.com
149;49;49;149;249;Hannis;Waldo;Chesnay;11.05.1985;72657664861;156-776-1222;wchesnay44@woothemes.com
150;50;50;150;250;Olav;Sayre;Lemary;27.10.1966;95200098281;226-361-1876;slemary45@lycos.com
151;51;51;151;251;Myrle;Lilas;Cashman;06.10.1958;93451445511;967-722-3545;lcashman46@amazonaws.com
152;52;52;152;252;Vernor;Karoline;Terrill;21.10.1973;88630281435;895-223-2120;kterrill47@parallels.com
153;53;53;153;253;Ginger;Gert;Bolduc;29.04.1980;49746311394;843-631-2436;gbolduc48@php.net
154;54;54;154;254;Angie;Bernarr;Eales;09.01.1956;22678356414;285-923-7624;beales49@yahoo.com
155;55;55;155;255;Pattin;Kaiser;Vaissiere;30.08.1992;19136121967;938-743-6554;kvaissiere4a@stanford.edu
156;56;56;156;256;Lenci;Pembroke;Stansell;31.03.1978;51940650303;384-853-4145;pstansell4b@independent.co.uk
157;57;57;157;257;Jesse;Devin;Boise;03.10.1980;64694889251;934-593-0017;dboise4c@edublogs.org
158;58;58;158;258;Sonia;Arabele;Lamburn;08.03.1997;34639521035;601-899-6670;alamburn4d@imgur.com
159;59;59;159;259;Christy;Malinda;Espinho;25.12.1963;87680243848;533-109-4469;mespinho4e@over-blog.com
160;60;60;160;260;Aldric;Blake;Peacocke;08.02.1987;85846693834;230-776-5592;bpeacocke4f@histats.com
161;61;61;161;261;Haywood;Evvie;Stute;21.04.1998;70640191670;359-506-9432;estute4g@slashdot.org
162;62;62;162;262;Shalne;Ingra;Orrell;13.12.1968;73376017059;520-586-1508;iorrell4h@elpais.com
163;63;63;163;263;Suellen;Bertie;Runcie;05.12.1977;87772560482;674-830-1642;bruncie4i@blogger.com
164;64;64;164;264;Roxine;Bowie;Rosenbloom;19.09.1964;26756645418;235-502-4020;brosenbloom4j@hatena.ne.jp
165;65;65;165;265;Aigneis;Prent;Onyon;11.05.1964;93300427048;170-683-3723;ponyon4k@unesco.org
166;66;66;166;266;Estrellita;Rick;Durran;06.03.1967;63609531236;876-402-2316;rdurran4l@umn.edu
167;67;67;167;267;Shannah;Phylis;Stollman;11.03.1956;22224332569;368-744-6858;pstollman4m@simplemachines.org
168;68;68;168;268;Avis;Marc;Escale;18.03.1995;29004472908;567-768-1754;mescale4n@privacy.gov.au
169;69;69;169;269;Roze;Guthry;Ruscoe;05.10.1989;34646926836;809-136-3317;gruscoe4o@ca.gov
170;70;70;170;270;Nelson;Lauryn;Doumerc;17.08.1967;50021052707;450-430-6867;ldoumerc4p@tripadvisor.com
171;71;71;171;271;Burty;Ellynn;Emig;12.02.1976;48317598239;502-129-3137;eemig4q@dell.com
172;72;72;172;272;Ainslie;Crin;Greener;31.03.1961;43528683147;998-632-1315;cgreener4r@pcworld.com
173;73;73;173;273;Liuka;Kathleen;Lant;27.05.1955;47163930920;308-870-7231;klant4s@yahoo.co.jp
174;74;74;174;274;Kelwin;Raphaela;Haslegrave;02.09.1954;43500851778;848-954-1205;rhaslegrave4t@upenn.edu
175;75;75;175;275;Quintina;Jobi;Boltwood;05.08.1997;51599605501;223-696-7137;jboltwood4u@mysql.com
176;76;76;176;276;Felice;Laurice;Breeton;12.04.1996;60901478307;583-283-9532;lbreeton4v@t.co
177;77;77;177;277;Idalina;Shawnee;Colyer;17.11.1980;78194916910;685-150-7469;scolyer4w@fema.gov
178;78;78;178;278;Morgan;Araldo;Jozsef;12.10.1960;69133101643;339-963-8790;ajozsef4x@techcrunch.com
179;79;79;179;279;Ned;Brannon;Rudgard;31.03.1967;58034778684;437-665-2395;brudgard4y@china.com.cn
180;80;80;180;280;Emanuel;Bobby;Salomon;29.09.1985;68503252794;854-353-2009;bsalomon4z@pinterest.com
181;81;81;181;281;Stephanus;Emlen;Brandreth;29.01.1967;99737429674;829-671-3292;ebrandreth50@simplemachines.org
182;82;82;182;282;Henka;Elladine;Dudny;03.04.1998;93766815197;459-945-9291;edudny51@mit.edu
183;83;83;183;283;Richmound;Dotty;Huchot;18.02.1962;55553010300;160-889-1757;dhuchot52@altervista.org
184;84;84;184;284;Kenny;Pammy;Pariso;15.08.1977;52597730614;137-814-8991;ppariso53@linkedin.com
185;85;85;185;285;Rog;Natalie;Yakubowicz;10.07.1969;97799869258;455-472-1716;nyakubowicz54@europa.eu
186;86;86;186;286;Garik;Steffi;Pinke;06.12.1984;40407335888;583-295-3273;spinke55@bluehost.com
187;87;87;187;287;Arda;Lukas;MacKettrick;07.05.1974;28106589934;832-163-8797;lmackettrick56@hatena.ne.jp
188;88;88;188;288;Gill;Natale;Rough;12.07.1966;34737149899;951-413-8705;nrough57@github.io
189;89;89;189;289;Isaak;Teddy;Vowells;23.03.1956;48948808806;579-444-6591;tvowells58@ft.com
190;90;90;190;290;David;Peyter;McKag;10.12.1980;38421205914;763-454-7780;pmckag59@stanford.edu
191;91;91;191;291;Edd;Celestyna;Munroe;29.07.1955;21167584687;352-984-5666;cmunroe5a@cnet.com
192;92;92;192;292;Harald;Mirella;Irnis;12.10.1998;32450836852;779-776-8907;mirnis5b@imgur.com
193;93;93;193;293;Merrill;Emilee;De Cristofalo;23.06.1973;58187111110;574-132-2472;edecristofalo5c@dmoz.org
194;94;94;194;294;Xerxes;Smitty;Bullier;20.10.1955;53443619191;551-990-1406;sbullier5d@gnu.org
195;95;95;195;295;Trudie;Bernadine;Tsar;05.09.1955;15037215589;779-719-0903;btsar5e@so-net.ne.jp
196;96;96;196;296;Sena;Zia;Larkworthy;30.01.1995;38834831395;822-338-1814;zlarkworthy5f@yandex.ru
197;97;97;197;297;Verge;Laina;Ashingden;12.12.1962;10871269689;111-193-6971;lashingden5g@irs.gov
198;98;98;198;298;Jenica;Benni;Verrall;13.01.1988;19831431436;893-112-1394;bverrall5h@usnews.com
199;99;99;199;299;Ethelda;Shari;Penbarthy;01.07.1974;50224398602;697-126-2575;spenbarthy5i@wix.com
200;100;100;200;300;Jean;Veriee;Crowdy;22.01.1967;86992019985;466-929-5755;vcrowdy5j@wikipedia.org
201;1;1;201;301;Eolanda;Eryn;Fritchley;08.08.1989;78784680715;777-744-0651;efritchley5k@pen.io
202;2;2;202;302;Cathe;Raleigh;Isson;20.10.1964;15523626518;844-471-4469;risson5l@youtube.com
203;3;3;203;303;Clementius;Kerr;Warry;20.04.1987;42150239143;284-769-2255;kwarry5m@goodreads.com
204;4;4;204;304;Kaylil;Prissie;Kearns;05.09.2001;43234607726;319-513-8193;pkearns5n@weather.com
205;5;5;205;305;Jan;Marcela;Beaufoy;19.10.1992;91555273854;758-602-1080;mbeaufoy5o@multiply.com
206;6;6;206;306;Sumner;Dode;Whitwood;29.12.1962;70033048137;550-586-4436;dwhitwood5p@com.com
207;7;7;207;307;Dene;Francisca;McWhannel;11.08.1966;44721672888;182-421-9668;fmcwhannel5q@scientificamerican.com
208;8;8;208;308;Kristen;Conney;Bodill;23.07.1971;34003464344;570-952-5422;cbodill5r@hexun.com
209;9;9;209;309;Geordie;Amelie;Tibb;25.12.1988;31780699360;163-784-5371;atibb5s@tumblr.com
210;10;10;210;310;Cass;Erik;Desorts;15.01.1980;56421528782;272-129-6413;edesorts5t@purevolume.com
211;11;11;211;311;Cassandry;Ann-marie;Darinton;06.09.1961;98729326539;959-839-3212;adarinton5u@networkadvertising.org
212;12;12;212;312;Colline;Clemence;Jerrans;31.03.1986;88686310438;406-918-7034;cjerrans5v@symantec.com
213;13;13;213;313;Vernon;Shara;Ferrarotti;29.10.1972;11182861406;397-786-3632;sferrarotti5w@seesaa.net
214;14;14;214;314;Marilee;Libbie;Collisson;16.10.1978;59530224536;787-756-5845;lcollisson5x@icq.com
215;15;15;215;315;Codie;Bradan;Charteris;11.03.1973;84857696010;332-723-8419;bcharteris5y@craigslist.org
216;16;16;216;316;Merle;Maddie;Izak;28.09.1973;52720264099;421-274-0679;mizak5z@is.gd
217;17;17;217;317;Marty;Shurwood;Ablitt;16.06.1958;94069563616;788-273-3100;sablitt60@pbs.org
218;18;18;218;318;Shelby;Ailyn;Eliasen;06.09.1993;30175277277;154-326-1308;aeliasen61@auda.org.au
219;19;19;219;319;Audy;Karalee;Emmott;14.05.1959;72755235804;429-287-2093;kemmott62@sohu.com
220;20;20;220;320;Trey;Dell;Surgeoner;23.10.1986;96081366502;172-650-0246;dsurgeoner63@bluehost.com
221;21;21;221;321;Elisha;Brittany;Barkhouse;20.07.1970;12490120165;768-440-8688;bbarkhouse64@issuu.com
222;22;22;222;322;Tanhya;Veronike;Maciak;30.09.1991;44353678111;974-924-2802;vmaciak65@oaic.gov.au
223;23;23;223;323;Donall;Adelheid;Norcott;09.08.1988;17728345910;190-428-1599;anorcott66@imgur.com
224;24;24;224;324;Morly;Colene;Gyse;31.05.1986;92431360008;339-305-4783;cgyse67@reverbnation.com
225;25;25;225;325;Karita;Kennedy;Watterson;15.05.1964;32327873706;518-413-0918;kwatterson68@wisc.edu
226;26;26;226;326;Aaren;Puff;Prazor;21.01.1986;50568178596;373-692-4778;pprazor69@csmonitor.com
227;27;27;227;327;Wash;Walker;McWard;26.06.1990;25250930431;312-530-5896;wmcward6a@webmd.com
228;28;28;228;328;Yoshi;Anatola;Eustanch;22.11.1965;88263465099;282-794-1950;aeustanch6b@unblog.fr
229;29;29;229;329;Lilli;Elicia;Bartolacci;03.09.1988;38535850360;589-164-5301;ebartolacci6c@tripadvisor.com
230;30;30;230;330;Garth;Sherline;Eannetta;04.02.1963;92438698744;562-930-3395;seannetta6d@webnode.com
231;31;31;231;331;Karlik;Austen;Boreham;08.07.1986;75156384425;397-113-3805;aboreham6e@dmoz.org
232;32;32;232;332;Marsha;Kirsti;Leer;13.08.1966;65500446656;838-632-6978;kleer6f@printfriendly.com
233;33;33;233;333;Emlyn;Nealson;Aviss;18.08.1975;13695659619;763-754-1637;naviss6g@wp.com
234;34;34;234;334;Hale;Bari;Paviour;22.05.1997;80322676984;617-224-4540;bpaviour6h@disqus.com
235;35;35;235;335;Amabelle;Leonie;Gianolo;01.08.1986;84118572259;990-688-7752;lgianolo6i@eventbrite.com
236;36;36;236;336;Leland;Julian;Gravenor;09.02.1969;43620552367;973-745-0570;jgravenor6j@4shared.com
237;37;37;237;337;Catie;Emmalyn;Onele;22.08.1997;79983618960;286-211-2060;eonele6k@quantcast.com
238;38;38;238;338;Umeko;Todd;MacSween;23.12.1999;96487744788;708-630-1698;tmacsween6l@bizjournals.com
239;39;39;239;339;Wendy;Meriel;Morris;22.11.1969;28908681055;433-892-4917;mmorris6m@telegraph.co.uk
240;40;40;240;340;Josey;Davida;Wiggam;18.02.1999;61084427372;257-579-4507;dwiggam6n@wikispaces.com
241;41;41;241;341;Irwinn;Kikelia;Rief;07.10.2000;47932754488;628-994-6825;krief6o@quantcast.com
242;42;42;242;342;Hendrik;Priscella;Grimwood;30.05.1990;92144930006;934-245-9283;pgrimwood6p@google.com
243;43;43;243;343;Udell;Maddy;Allsepp;01.08.1976;40901187378;372-394-5212;mallsepp6q@yandex.ru
244;44;44;244;344;Neall;Philomena;Berzon;19.02.1986;48208492935;191-956-9569;pberzon6r@abc.net.au
245;45;45;245;345;Mavis;Kandy;Clewlowe;28.01.1997;42321893730;167-784-9602;kclewlowe6s@ted.com
246;46;46;246;346;Belia;Susanetta;Pesticcio;17.07.1993;28823824468;670-293-7466;spesticcio6t@amazon.co.uk
247;47;47;247;347;Elsy;Pierre;Dundendale;19.03.1986;60927600463;512-634-1772;pdundendale6u@earthlink.net
248;48;48;248;348;Hart;Kevyn;Andryushin;06.03.1980;82449642596;157-507-8192;kandryushin6v@google.com.br
249;49;49;249;349;Julietta;Kirk;Wigan;03.09.1954;38687356299;874-785-4020;kwigan6w@mashable.com
250;50;50;250;350;Barny;Catarina;Saltern;19.10.1967;11280570513;155-437-2005;csaltern6x@prlog.org
251;51;51;251;351;Elga;Herman;England;30.10.1961;85556477733;361-362-3681;hengland6y@mashable.com
252;52;52;252;352;Gabbey;Aharon;Twyford;01.11.1965;70708974477;362-816-1712;atwyford6z@telegraph.co.uk
253;53;53;253;353;Abagail;Ricky;Rhyme;28.01.1971;30824284015;920-974-3059;rrhyme70@over-blog.com
254;54;54;254;354;Paul;Codie;Duigan;18.12.1956;36602078211;973-638-7776;cduigan71@reuters.com
255;55;55;255;355;Selle;Baxy;Rego;20.11.1980;17169172527;774-339-0411;brego72@weather.com
256;56;56;256;356;Karim;Raye;Godfray;02.12.1956;57935790098;988-622-1585;rgodfray73@webmd.com
257;57;57;257;357;Constantina;Bernelle;Mariotte;31.05.1967;51793423668;245-191-4664;bmariotte74@flickr.com
258;58;58;258;358;Adelheid;Florence;Howey;12.12.1984;10244318204;743-712-4613;fhowey75@shareasale.com
259;59;59;259;359;Nikoletta;Lois;Dissman;19.09.1976;92333982064;517-772-9746;ldissman76@ask.com
260;60;60;260;360;Sherline;Addy;Twomey;06.01.1978;48261841650;321-665-9803;atwomey77@tiny.cc
261;61;61;261;361;Antoni;Brigid;Waterhous;03.07.1972;35458490660;865-148-1531;bwaterhous78@squidoo.com
262;62;62;262;362;Cahra;Dorette;Klagges;21.12.1957;88873534988;104-500-1464;dklagges79@zdnet.com
263;63;63;263;363;Tanitansy;Ivan;Bails;20.12.1984;77813796180;458-496-7597;ibails7a@un.org
264;64;64;264;364;Gertie;Uriel;Ewing;25.01.1965;56688733077;202-582-5028;uewing7b@reverbnation.com
265;65;65;265;365;Blakeley;Neila;Rickford;19.12.1992;77754173088;272-333-7436;nrickford7c@sbwire.com
266;66;66;266;366;Roddy;Winonah;Micco;30.09.1973;34131130020;660-817-3837;wmicco7d@comsenz.com
267;67;67;267;367;Miguelita;Doe;Flanigan;29.12.1971;69234392354;936-385-0097;dflanigan7e@nymag.com
268;68;68;268;368;Clywd;Mina;Branwhite;07.05.1978;38837897601;306-849-6318;mbranwhite7f@miibeian.gov.cn
269;69;69;269;369;Whitman;Kylie;Posnett;25.10.1980;85917195807;863-143-4961;kposnett7g@joomla.org
270;70;70;270;370;Barry;Gabi;Simoens;29.01.2002;32880099640;983-203-2998;gsimoens7h@virginia.edu
271;71;71;271;371;Jordana;Raf;Richens;24.04.1960;86395109411;738-331-6857;rrichens7i@zimbio.com
272;72;72;272;372;Elihu;Bearnard;Vittery;01.03.1977;35343512115;718-412-9474;bvittery7j@cnet.com
273;73;73;273;373;Darrick;Oralia;Gawen;12.08.1973;50728816175;133-144-5912;ogawen7k@globo.com
274;74;74;274;374;Lita;Lil;Saldler;02.09.1980;49361524972;220-991-1771;lsaldler7l@blogs.com
275;75;75;275;375;Abey;Jewelle;Higgoe;22.06.1998;62152503617;862-925-7790;jhiggoe7m@ucla.edu
276;76;76;276;376;Ansell;Dyna;Albutt;22.02.1986;22489517612;473-274-5203;dalbutt7n@bigcartel.com
277;77;77;277;377;Melany;Dasha;Battershall;07.07.1966;21076536705;625-290-2133;dbattershall7o@nymag.com
278;78;78;278;378;Emylee;Merralee;Tupp;19.01.1970;12745202082;514-563-2051;mtupp7p@sfgate.com
279;79;79;279;379;Coraline;Myrtle;Gorgler;06.03.1963;76935752682;391-622-9849;mgorgler7q@youku.com
280;80;80;280;380;Lynette;Marlow;Crosser;11.05.1987;59292747723;133-701-3871;mcrosser7r@so-net.ne.jp
281;81;81;281;381;Essa;Jedidiah;Villiers;29.07.1975;91197502104;683-342-1000;jvilliers7s@goo.gl
282;82;82;282;382;Nessie;Lennard;Dohrmann;19.02.1976;77958677047;741-461-3572;ldohrmann7t@pcworld.com
283;83;83;283;383;Clive;Violet;Shevill;30.10.1986;98363576455;564-995-2506;vshevill7u@zimbio.com
284;84;84;284;384;Fitz;Juliana;Attyeo;31.05.1973;88850057409;881-580-4839;jattyeo7v@usda.gov
285;85;85;285;385;Lise;Reggy;Morland;09.10.1971;95036097256;229-710-9053;rmorland7w@delicious.com
286;86;86;286;386;Barby;Germain;Do Rosario;21.11.1993;95161411004;888-688-7214;gdorosario7x@stumbleupon.com
287;87;87;287;387;Conny;Marcy;Riggert;31.03.1975;16109078003;447-935-3645;mriggert7y@xrea.com
288;88;88;288;388;Stanfield;Jaclyn;Whittick;02.02.1981;60433186102;372-823-7979;jwhittick7z@ucla.edu
289;89;89;289;389;Gabriell;Konstance;Winscum;25.09.1998;46457655108;866-955-0554;kwinscum80@wix.com
290;90;90;290;390;Granger;Shena;Scandwright;09.11.1970;51933140774;346-179-0093;sscandwright81@4shared.com
291;91;91;291;391;Winonah;Nicky;Sadry;27.09.1969;54386081312;214-175-6166;nsadry82@e-recht24.de
292;92;92;292;392;Olva;Sena;Alston;26.02.1955;21825746469;428-940-6736;salston83@alibaba.com
293;93;93;293;393;Conni;Nessa;Canada;18.03.1967;59360912333;982-230-9962;ncanada84@weibo.com
294;94;94;294;394;Hunfredo;Carole;Mackerness;27.11.1966;72790722732;957-105-0249;cmackerness85@wikispaces.com
295;95;95;295;395;Gaylord;Willamina;Wallentin;06.09.1991;39586250557;255-786-6277;wwallentin86@alexa.com
296;96;96;296;396;Marwin;Edmund;MacCaughey;24.03.1974;49120995248;734-326-3393;emaccaughey87@scientificamerican.com
297;97;97;297;397;Dominique;Gustavus;Cowsby;06.05.1990;18663210249;943-842-7972;gcowsby88@devhub.com
298;98;98;298;398;Warde;Carolynn;Foreman;10.02.1975;13694214708;636-200-1286;cforeman89@tinypic.com
299;99;99;299;399;Maddy;Julietta;Penkman;24.12.1970;77098388428;575-572-0645;jpenkman8a@macromedia.com
300;100;100;300;400;Marina;Helaine;Silcock;15.04.1976;84063093782;158-913-9777;hsilcock8b@liveinternet.ru